Time	10 ug	100 ug
0	100	100
1	90	85
2	81	72.25
5	72.9	61.4125
10	65.61	52.200625
20	59.049	44.37053125
30	53.1441	37.71495156
50	47.82969	32.05770883
100	43.046721	27.2490525
